seq_id,instruction,output,code,entry_point,testcase
660113403,"Write a function to check if a given string is a palindrome. A palindrome is a word, phrase, number, or other sequence of characters that reads the same forward and backward, ignoring spaces, punctuation, and capitalization.","Here is the code to solve this problem: 
```python
def is_palindrome(s):
    s = ''.join(c for c in s if c.isalnum()).lower()
    return s == s[::-1]
```","def is_palindrome(s):
    s = ''.join(c for c in s if c.isalnum()).lower()
    return s == s[::-1]",is_palindrome,"[assert is_palindrome(""No lemon, no melon"") == True, assert is_palindrome(""A man a plan a canal Panama"") == True, assert is_palindrome(""hello"") == False, assert is_palindrome(""racecar"") == True]"
14192481277,Write a function to find the missing number in a given list of numbers ranging from 0 to n.,"Here is the code to solve this problem: 
```python
def missing_number(nums):
    n = len(nums)
    total = n * (n + 1) // 2
    sum_nums = sum(nums)
    return total - sum_nums
```","def missing_number(nums):
    n = len(nums)
    total = n * (n + 1) // 2
    sum_nums = sum(nums)
    return total - sum_nums",missing_number,"[assert missing_number([9,6,4,2,3,5,7,0,1])==8, assert missing_number([0,1])==2, assert missing_number([3,0,1])==2]"
70726638201,Write a python function `max_subarray_sum` that finds the maximum sum of a contiguous subarray within a one-dimensional array of numbers which has at least one positive number.,"Here is the code to solve this problem: 
```python
def max_subarray_sum(nums):
    if not nums:
        return 0

    current_sum = max_sum = nums[0]
    for num in nums[1:]:
        current_sum = max(num, current_sum + num)
        max_sum = max(max_sum, current_sum)
    return max_sum
```","def max_subarray_sum(nums):
    if not nums:
        return 0

    current_sum = max_sum = nums[0]
    for num in nums[1:]:
        current_sum = max(num, current_sum + num)
        max_sum = max(max_sum, current_sum)
    return max_sum",max_subarray_sum,"[assert max_subarray_sum([5,4,-1,7,8]) == 23, assert max_subarray_sum([1]) == 1, assert max_subarray_sum([-2,1,-3,4,-1,2,1,-5,4]) == 6]"
893855581,"Given an array nums of n integers and an integer k, find the kth largest element in the array. Note that it is the kth largest element in the sorted order, not the kth distinct element.","Here is the code to solve this problem: 
```python
def kth_largest(nums, k):
    nums.sort()
    return nums[-k]
```","def kth_largest(nums, k):
    nums.sort()
    return nums[-k]",kth_largest,"[assert kth_largest([1,2], 1) == 2, assert kth_largest([3,2,3,1,2,4,5,5,6], 4) == 4, assert kth_largest([3,2,1,5,6,4], 2) == 5]"
20383247274,Write a function to generate the nth row of Pascal's triangle.,"Here is the code to solve this problem: 
```python
def pascal_row(n):
    row = [1]
    for i in range(1, n+1):
        row.append(row[i-1] * (n-i+1) // i)
    return row
```","def pascal_row(n):
    row = [1]
    for i in range(1, n+1):
        row.append(row[i-1] * (n-i+1) // i)
    return row",pascal_row,"[assert pascal_row(5) == [1, 5, 10, 10, 5, 1], assert pascal_row(4) == [1, 4, 6, 4, 1], assert pascal_row(3) == [1, 3, 3, 1]]"
19434228727,"Write a function that checks if a given tree is a binary search tree.

A binary search tree has the property that all nodes in the left subtree of a node have values less than the node's value and all nodes in the right subtree have values greater than the node's value.","Here is the code to solve this problem: 
```python
def is_binary_search_tree(root, min_val=float('-inf'), max_val=float('inf')):
    if root is None:
        return True

    if not (root.val > min_val and root.val < max_val):
        return False

    return (is_binary_search_tree(root.left, min_val, root.val) and
            is_binary_search_tree(root.right, root.val, max_val))
```","def is_binary_search_tree(root, min_val=float('-inf'), max_val=float('inf')):
    if root is None:
        return True

    if not (root.val > min_val and root.val < max_val):
        return False

    return (is_binary_search_tree(root.left, min_val, root.val) and
            is_binary_search_tree(root.right, root.val, max_val))",is_binary_search_tree,"[    assert is_binary_search_tree(root3) == True,     root3.right.right = TreeNode(17),     root3.right.left = TreeNode(12),     root3.left.right = TreeNode(7),     root3.left.left = TreeNode(3),     root3.right = TreeNode(15),     root3.left = TreeNode(5),     root3 = TreeNode(10),     # Test case 3: A more complex binary search tree, ,     assert is_binary_search_tree(root2) == False,     root2.left.right = TreeNode(4),     root2.left.left = TreeNode(1),     root2.right = TreeNode(2),     root2.left = TreeNode(3),     root2 = TreeNode(5),     # Test case 2: A binary tree that is not a binary search tree, ,     assert is_binary_search_tree(root1) == True,     root1.left.right = TreeNode(4),     root1.left.left = TreeNode(2),     root1.right = TreeNode(7),     root1.left = TreeNode(3),     root1 = TreeNode(5),     # Test case 1: A simple binary search tree, ]"
28755799726,"Write a python function to find the missing number in a given list of integers that contains n distinct numbers taken from 0, 1, 2, ..., n. The function should have a time complexity of O(n) and space complexity of O(1).","Here is the code to solve this problem: 
```python
def missing_number(nums):
    n = len(nums)
    total = n * (n + 1) // 2
    sum_nums = sum(nums)
    return total - sum_nums
```","def missing_number(nums):
    n = len(nums)
    total = n * (n + 1) // 2
    sum_nums = sum(nums)
    return total - sum_nums",missing_number,"[assert missing_number([9,6,4,2,3,5,7,0,1]) == 8, assert missing_number([0, 1]) == 2, assert missing_number([3, 0, 1]) == 2]"
70726596281,"Write a python function to check if a given string is a palindrome or not. A palindrome is a word, phrase, number, or other sequence of characters that reads the same backward as forward.","Here is the code to solve this problem: 
```python
def is_palindrome(s):
    return s == s[::-1]
```","def is_palindrome(s):
    return s == s[::-1]",is_palindrome,"[assert is_palindrome(""12345"") == False, assert is_palindrome(""123321"") == True, assert is_palindrome(""12321"") == True, assert is_palindrome(""level"") == True, assert is_palindrome(""python"") == False, assert is_palindrome(""racecar"") == True]"
32279616255,Write a function to check if a given list of integers is sorted in ascending order and all elements are unique.,"Here is the code to solve this problem: 
```python
def check_sorted_unique(test_list):
    return test_list == sorted(set(test_list))
```","def check_sorted_unique(test_list):
    return test_list == sorted(set(test_list))",check_sorted_unique,"[assert check_sorted_unique([1, 3, 5, 7, 9]) == True, assert check_sorted_unique([5, 4, 3, 2, 1]) == False, assert check_sorted_unique([1, 2, 2, 4, 5]) == False, assert check_sorted_unique([1, 2, 3, 4, 5]) == True]"
12120976763,Write a python function to find the length of the longest substring without repeating characters in a given string.,"Here is the code to solve this problem: 
```python
def length_of_longest_substring(s):
    if not s:
        return 0
    char_map = {}
    left = 0
    max_length = 0
    for right in range(len(s)):
        if s[right] in char_map:
            left = max(left, char_map[s[right]] + 1)
        char_map[s[right]] = right
        max_length = max(max_length, right - left + 1)
    return max_length
```","def length_of_longest_substring(s):
    if not s:
        return 0
    char_map = {}
    left = 0
    max_length = 0
    for right in range(len(s)):
        if s[right] in char_map:
            left = max(left, char_map[s[right]] + 1)
        char_map[s[right]] = right
        max_length = max(max_length, right - left + 1)
    return max_length",length_of_longest_substring,"[assert length_of_longest_substring("" "") == 1, assert length_of_longest_substring("""") == 0, assert length_of_longest_substring(""pwwkew"") == 3, assert length_of_longest_substring(""bbbbb"") == 1, assert length_of_longest_substring(""abcabcbb"") == 3]"
18874307847,Create a function that takes a string as an input and returns a list of unique characters in the string in the order they appear.,"Here is the code to solve this problem: 
```python
def unique_char_in_order(input_str):
    unique_chars = []
    for char in input_str:
        if char not in unique_chars:
            unique_chars.append(char)
    return unique_chars
```","def unique_char_in_order(input_str):
    unique_chars = []
    for char in input_str:
        if char not in unique_chars:
            unique_chars.append(char)
    return unique_chars",unique_char_in_order,"[assert unique_char_in_order(""banana"") == ['b', 'a', 'n'], assert unique_char_in_order(""apple"") == ['a', 'p', 'l', 'e'], assert unique_char_in_order(""google"") == ['g', 'o', 'l', 'e']]"
44289869161,Write a function to find the longest substring without repeating characters in a given string.,"Here is the code to solve this problem: 
```python
def longest_substring_without_repeating_characters(s):
    char_set = set()
    left = 0
    max_length = 0
    max_substring = """"
    for right in range(len(s)):
        while s[right] in char_set:
            char_set.remove(s[left])
            left += 1
        char_set.add(s[right])
        if (right - left + 1) > max_length:
            max_length = right - left + 1
            max_substring = s[left:right+1]
    return max_substring
```","def longest_substring_without_repeating_characters(s):
    char_set = set()
    left = 0
    max_length = 0
    max_substring = """"
    for right in range(len(s)):
        while s[right] in char_set:
            char_set.remove(s[left])
            left += 1
        char_set.add(s[right])
        if (right - left + 1) > max_length:
            max_length = right - left + 1
            max_substring = s[left:right+1]
    return max_substring",longest_substring_without_repeating_characters,"[assert longest_substring_without_repeating_characters(""pwwkew"")==""wke"", assert longest_substring_without_repeating_characters(""bbbbb"")==""b"", assert longest_substring_without_repeating_characters(""abcabcbb"")==""abc""]"
72740153081,Write a function to find the largest continuous sum in an array.,"Here is the code to solve this problem: 
```python
def largest_continuous_sum(arr):
    if len(arr) == 0:
        return 0

    max_sum = current_sum = arr[0]

    for num in arr[1:]:
        current_sum = max(current_sum + num, num)
        max_sum = max(max_sum, current_sum)

    return max_sum
```","def largest_continuous_sum(arr):
    if len(arr) == 0:
        return 0

    max_sum = current_sum = arr[0]

    for num in arr[1:]:
        current_sum = max(current_sum + num, num)
        max_sum = max(max_sum, current_sum)

    return max_sum",largest_continuous_sum,"[assert largest_continuous_sum([-1, 1]) == 1, assert largest_continuous_sum([1, 2, -1, 3, 4, -1]) == 9, assert largest_continuous_sum([1, 2, -1, 3, 4, 10, 10, -10, -1]) == 29]"
25369038617,"Write a function to check if a word is a palindrome.

A palindrome is a word that reads the same backward as forward, e.g., ""madam"" or ""racecar"".","Here is the code to solve this problem: 
```python
def is_palindrome(word):
    return word == word[::-1]
```","def is_palindrome(word):
    return word == word[::-1]",is_palindrome,"[assert is_palindrome(""world"") == False, assert is_palindrome(""level"") == True, assert is_palindrome(""hello"") == False, assert is_palindrome(""madam"") == True, assert is_palindrome(""racecar"") == True]"
1281915040,Write a python function to find the total number of ways to reach the top of a staircase if you can climb either 1 or 2 steps at a time.,"Here is the code to solve this problem: 
```python
def climb_Stairs(n):
    a, b = 1, 2
    for _ in range(3, n + 1):
        a, b = b, a + b
    return b if n > 1 else n
```","def climb_Stairs(n):
    a, b = 1, 2
    for _ in range(3, n + 1):
        a, b = b, a + b
    return b if n > 1 else n",climb_Stairs,"[assert climb_Stairs(4) == 5, assert climb_Stairs(5) == 8, assert climb_Stairs(3) == 3]"
21969432676,Write a function to generate all possible permutations of a given list of numbers.,"Here is the code to solve this problem: 
```python
def generate_permutations(nums):
    if len(nums) == 1:
        return [nums]
    permutations = []
    for i in range(len(nums)):
        current_num = nums[i]
        remaining_nums = nums[:i] + nums[i+1:]
        sub_permutations = generate_permutations(remaining_nums)
        for sub_permutation in sub_permutations:
            permutations.append([current_num] + sub_permutation)
    return permutations
```","def generate_permutations(nums):
    if len(nums) == 1:
        return [nums]
    permutations = []
    for i in range(len(nums)):
        current_num = nums[i]
        remaining_nums = nums[:i] + nums[i+1:]
        sub_permutations = generate_permutations(remaining_nums)
        for sub_permutation in sub_permutations:
            permutations.append([current_num] + sub_permutation)
    return permutations",generate_permutations,"[assert generate_permutations([1]) == [[1]], assert generate_permutations([1, 2]) == [[1, 2], [2, 1]], assert generate_permutations([1, 2, 3]) == [[1, 2, 3], [1, 3, 2], [2, 1, 3], [2, 3, 1], [3, 1, 2], [3, 2, 1]]]"
24485454232,Write a python function to find the Fibonacci sequence up to n numbers.,"Here is the code to solve this problem: 
```python
def fibonacci(n):
  fib_sequence = [0, 1]
  while len(fib_sequence) < n:
    fib_sequence.append(fib_sequence[-1] + fib_sequence[-2])
  return fib_sequence
```","def fibonacci(n):
  fib_sequence = [0, 1]
  while len(fib_sequence) < n:
    fib_sequence.append(fib_sequence[-1] + fib_sequence[-2])
  return fib_sequence",fibonacci,"[assert fibonacci(10) == [0, 1, 1, 2, 3, 5, 8, 13, 21, 34], assert fibonacci(8) == [0, 1, 1, 2, 3, 5, 8, 13], assert fibonacci(5) == [0, 1, 1, 2, 3]]"
73965182520,"Write a function that checks if a given string is a palindrome, considering only alphanumeric characters and ignoring cases.","Here is the code to solve this problem: 
```python
def is_palindrome(s: str) -> bool:
    s = ''.join([c.lower() for c in s if c.isalnum()])
    return s == s[::-1]
```","def is_palindrome(s: str) -> bool:
    s = ''.join([c.lower() for c in s if c.isalnum()])
    return s == s[::-1]",is_palindrome,"[assert is_palindrome("" "") == True, assert is_palindrome(""race a car"") == False, assert is_palindrome(""A man, a plan, a canal: Panama"") == True]"
15590275150,Create a python function to find the second largest number in a list of integers. Assume that the list always has at least two distinct numbers.,"Here is the code to solve this problem: 
```python
def find_second_largest(nums):
    max_num = second_max_num = float('-inf')
    for num in nums:
        if num > max_num:
            second_max_num = max_num
            max_num = num
        elif num > second_max_num and num != max_num:
            second_max_num = num
    return second_max_num
```","def find_second_largest(nums):
    max_num = second_max_num = float('-inf')
    for num in nums:
        if num > max_num:
            second_max_num = max_num
            max_num = num
        elif num > second_max_num and num != max_num:
            second_max_num = num
    return second_max_num",find_second_largest,"[assert find_second_largest([100, 200, 300]) == 200, assert find_second_largest([-1, -2, -3, -4, -5]) == -2, assert find_second_largest([10, 20, 20, 30, 40]) == 30, assert find_second_largest([5, 1, 2, 3, 4]) == 4, assert find_second_largest([1, 2, 3, 4, 5]) == 4]"
74992079799,Write a function to find the median of two sorted arrays.,"Here is the code to solve this problem: 
```python
def find_median(nums1, nums2):
    nums = sorted(nums1 + nums2)
    if len(nums) % 2 == 0:
        return (nums[len(nums)//2] + nums[len(nums)//2 - 1]) / 2
    else:
        return nums[len(nums)//2]
```","def find_median(nums1, nums2):
    nums = sorted(nums1 + nums2)
    if len(nums) % 2 == 0:
        return (nums[len(nums)//2] + nums[len(nums)//2 - 1]) / 2
    else:
        return nums[len(nums)//2]",find_median,"[assert find_median([1,2], [3,4])==2.5, assert find_median([1,3], [2])==2.0, assert find_median([1,3], [2,7])==2.5]"
6257817307,"Write a function that takes a string and a target character as input, and returns the number of times the target character appears in the string. The function should be case insensitive.","Here is the code to solve this problem: 
```python
def count_char(string, target_char):
    string = string.lower()
    target_char = target_char.lower()
    return string.count(target_char)
```","def count_char(string, target_char):
    string = string.lower()
    target_char = target_char.lower()
    return string.count(target_char)",count_char,"[assert count_char(""HELLO WORLD"", ""w"") == 1, assert count_char(""MISSISSIPPI"", ""i"") == 4, assert count_char(""Mississippi"", ""s"") == 4, assert count_char(""Hello World"", ""o"") == 2]"
15526957597,Write a function that checks if a given string is an anagram of a palindrome.,"Here is the code to solve this problem: 
```python
from collections import Counter

def is_anagram_of_palindrome(s: str) -> bool:
    char_counts = Counter(s)
    odd_counts = sum(1 for count in char_counts.values() if count % 2 != 0)
    return odd_counts <= 1
```","from collections import Counter

def is_anagram_of_palindrome(s: str) -> bool:
    char_counts = Counter(s)
    odd_counts = sum(1 for count in char_counts.values() if count % 2 != 0)
    return odd_counts <= 1",is_anagram_of_palindrome,"[assert is_anagram_of_palindrome(""carerac"") == True, assert is_anagram_of_palindrome(""aabbc"") == True, assert is_anagram_of_palindrome(""aabbcc"") == True, assert is_anagram_of_palindrome(""abc"") == False, assert is_anagram_of_palindrome(""aabb"") == True]"
20004586671,Write a python function to find the maximum product of three numbers in a list. The function should return the maximum product.,"Here is the code to solve this problem: 
```python
def max_product(nums):
    nums.sort()
    return max(nums[0]*nums[1]*nums[-1], nums[-1]*nums[-2]*nums[-3])
```","def max_product(nums):
    nums.sort()
    return max(nums[0]*nums[1]*nums[-1], nums[-1]*nums[-2]*nums[-3])",max_product,"[assert max_product([0, -1, 3, 100, -70, -5]) == 35000, assert max_product([-1, -2, -3, 4]) == 24, assert max_product([1, 2, 3]) == 6]"
44911643638,Write a python function to find the minimum number of swaps required to sort a list.,"Here is the code to solve this problem: 
```python
def min_swaps_to_sort(arr):
    n = len(arr)
    arr_pos = [*enumerate(arr)]
    arr_pos.sort(key=lambda it: it[1])
    vis = {k: False for k in range(n)}

    ans = 0
    for i in range(n):
        if vis[i] or arr_pos[i][0] == i:
            continue

        cycle_size = 0
        j = i
        while not vis[j]:
            vis[j] = True
            j = arr_pos[j][0]
            cycle_size += 1
        if cycle_size > 0:
            ans += (cycle_size - 1)
    return ans
```","def min_swaps_to_sort(arr):
    n = len(arr)
    arr_pos = [*enumerate(arr)]
    arr_pos.sort(key=lambda it: it[1])
    vis = {k: False for k in range(n)}

    ans = 0
    for i in range(n):
        if vis[i] or arr_pos[i][0] == i:
            continue

        cycle_size = 0
        j = i
        while not vis[j]:
            vis[j] = True
            j = arr_pos[j][0]
            cycle_size += 1
        if cycle_size > 0:
            ans += (cycle_size - 1)
    return ans",min_swaps_to_sort,"[assert min_swaps_to_sort([1, 3, 5, 2, 4, 6, 7]) == 3, assert min_swaps_to_sort([1, 5, 4, 3, 2]) == 2, assert min_swaps_to_sort([4, 3, 2, 1]) == 2]"
2175400675,"Write a function to find the maximum difference between two elements in a list, where the larger element comes after the smaller one.","Here is the code to solve this problem: 
```python
def max_difference(lst):
    if len(lst) < 2:
        return 0
    min_val = lst[0]
    max_diff = 0
    for i in range(1, len(lst)):
        if lst[i] - min_val > max_diff:
            max_diff = lst[i] - min_val
        if lst[i] < min_val:
            min_val = lst[i]
    return max_diff
```","def max_difference(lst):
    if len(lst) < 2:
        return 0
    min_val = lst[0]
    max_diff = 0
    for i in range(1, len(lst)):
        if lst[i] - min_val > max_diff:
            max_diff = lst[i] - min_val
        if lst[i] < min_val:
            min_val = lst[i]
    return max_diff",max_difference,"[assert max_difference([1, 2, 3, 4, 5]) == 4, assert max_difference([7, 9, 5, 6, 3, 2]) == 2, assert max_difference([2, 3, 10, 2, 4, 8, 1]) == 8]"
40713914324,Write a python function to find the longest substring without repeating characters in a given string.,"Here is the code to solve this problem: 
```python
def longest_substring_without_repeating_characters(s):
    char_map = {}
    left = 0
    result = """"
    for right in range(len(s)):
        if s[right] in char_map:
            left = max(left, char_map[s[right]] + 1)
        char_map[s[right]] = right
        if right - left + 1 > len(result):
            result = s[left:right+1]
    return result
```","def longest_substring_without_repeating_characters(s):
    char_map = {}
    left = 0
    result = """"
    for right in range(len(s)):
        if s[right] in char_map:
            left = max(left, char_map[s[right]] + 1)
        char_map[s[right]] = right
        if right - left + 1 > len(result):
            result = s[left:right+1]
    return result",longest_substring_without_repeating_characters,"[assert longest_substring_without_repeating_characters(""pwwkew"") == ""wke"", assert longest_substring_without_repeating_characters(""bbbbb"") == ""b"", assert longest_substring_without_repeating_characters(""abcabcbb"") == ""abc""]"
18779514445,"Write a function that takes a list of strings and returns a list of all the anagrams found in the list. An anagram is a word or phrase formed by rearranging the letters of a different word or phrase, typically using all the original letters exactly once.","Here is the code to solve this problem: 
```python
def anagrams(strs):
    anag = {}
    result = []
    for str in strs:
        s = ''.join(sorted(str))
        if (s in anag):
            anag[s].append(str)
        else:
            anag[s] = [str]
    for str in anag:
        if(len(anag[str])>1):
            result.extend(anag[str])
    return result
```","def anagrams(strs):
    anag = {}
    result = []
    for str in strs:
        s = ''.join(sorted(str))
        if (s in anag):
            anag[s].append(str)
        else:
            anag[s] = [str]
    for str in anag:
        if(len(anag[str])>1):
            result.extend(anag[str])
    return result",anagrams,"[assert anagrams([""a""]) == [], assert anagrams([""""]) == [], assert anagrams([""eat"", ""tea"", ""tan"", ""ate"", ""nat"", ""bat""]) == [""eat"", ""tea"", ""ate"", ""tan"", ""nat""]]"
70034082307,Write a python function to find the maximum number of consecutive 1's in the array if you can change at most k 0's to 1's.,"Here is the code to solve this problem: 
```python
def max_ones(arr, k):
    left = 0
    max_len = 0
    zero_count = 0

    for right in range(len(arr)):
        if arr[right] == 0:
            zero_count += 1

        while zero_count > k:
            if arr[left] == 0:
                zero_count -= 1
            left += 1

        max_len = max(max_len, right - left + 1)

    return max_len
```","def max_ones(arr, k):
    left = 0
    max_len = 0
    zero_count = 0

    for right in range(len(arr)):
        if arr[right] == 0:
            zero_count += 1

        while zero_count > k:
            if arr[left] == 0:
                zero_count -= 1
            left += 1

        max_len = max(max_len, right - left + 1)

    return max_len",max_ones,"[assert max_ones([1,1,0,1], 1) == 4, assert max_ones([0,0,1,1,0,0,1,1,1,0,1,1,0,0,0,1,1,1,1], 3) == 10, assert max_ones([1,1,1,0,0,0,1,1,1,1,0], 2) == 6]"
74061132546,Write a python function to find the most frequent character in a string and return its count.,"Here is the code to solve this problem: 
```python
def frequent_char(s):
    max_count = 0
    max_char = ''
    char_count = {}
    for c in s:
        if c in char_count:
            char_count[c] += 1
        else:
            char_count[c] = 1
        if char_count[c] > max_count:
            max_count = char_count[c]
            max_char = c
    return max_count
```","def frequent_char(s):
    max_count = 0
    max_char = ''
    char_count = {}
    for c in s:
        if c in char_count:
            char_count[c] += 1
        else:
            char_count[c] = 1
        if char_count[c] > max_count:
            max_count = char_count[c]
            max_char = c
    return max_count",frequent_char,"[assert frequent_char(""aabbccddeeffgghh"") == 2, assert frequent_char(""python programming"") == 2, assert frequent_char(""hello world"") == 3]"
6536870388,Create a function in Python that takes a list of positive integers as input and returns the maximum product that can be achieved by multiplying any three numbers from the list. Note that the list must contain at least three integers.,"Here is the code to solve this problem: 
```python
from typing import List

def max_product(nums: List[int]) -> int:
    # Sort the list in ascending order
    nums.sort()
    # The maximum product can be either:
    # (1) The product of the three largest numbers
    # or (2) The product of the two smallest numbers (which could be negative) and the largest number
    return max(nums[-1] * nums[-2] * nums[-3], nums[0] * nums[1] * nums[-1])
```","from typing import List

def max_product(nums: List[int]) -> int:
    # Sort the list in ascending order
    nums.sort()
    # The maximum product can be either:
    # (1) The product of the three largest numbers
    # or (2) The product of the two smallest numbers (which could be negative) and the largest number
    return max(nums[-1] * nums[-2] * nums[-3], nums[0] * nums[1] * nums[-1])",max_product,"[assert max_product([5, 5, 5, 5]) == 125, assert max_product([7, 6, 5, 4, 3, 2, 1]) == 210, assert max_product([1, 2, 3, 4]) == 24]"
